{"cameraMode":{"drawMode":0,"name":"Shaded","section":"Shading Mode"},"sceneLighting":true,"audioPlay":false,"sceneViewState":{"showFog":true,"showMaterialUpdate":false,"showSkybox":true,"showFlares":true,"showImageEffects":true,"showParticleSystems":true},"in2DMode":false,"pivot":{"x":-0.5532417297363281,"y":4.353053092956543,"z":-4.312293529510498},"rotation":{"x":0.28013405203819277,"y":-0.08195177465677262,"z":0.024016123265028,"w":0.9561713337898254},"size":2.4052622318267824,"orthographic":false}